<T3DataStructure>
    <meta>
        <langDisable>1</langDisable>
    </meta>
    <sheets>
        <sDEF>
            <ROOT>
                <sheetTitle>
                    LLL:EXT:openagenda/Resources/Private/Language/locallang_db.xlf:sheetGeneral
                </sheetTitle>
                <type>array</type>
                <el>
                    <settings.eventsPerPage>
                        <label>
                            LLL:EXT:openagenda/Resources/Private/Language/locallang_db.xlf:agenda.eventsPerPage
                        </label>
                        <config>
                            <type>input</type>
                            <default>20</default>
                        </config>
                    </settings.eventsPerPage>
                    <settings.language>
                        <label>
                            LLL:EXT:openagenda/Resources/Private/Language/locallang_db.xlf:agenda.language
                        </label>
                        <config>
                            <type>input</type>
                            <default>fr</default>
                        </config>
                    </settings.language>
                    <settings.columns>
                        <label>
                            LLL:EXT:openagenda/Resources/Private/Language/locallang_db.xlf:agenda.columns
                        </label>
                        <config>
                            <type>input</type>
                            <default>2</default>
                        </config>
                    </settings.columns>
                    <settings.mapFilterTilesUri>
                        <label>
                            LLL:EXT:openagenda/Resources/Private/Language/locallang_db.xlf:agenda.mapFilterTilesUri
                        </label>
                        <config>
                            <type>input</type>
                            <default>https://{s}.tile.openstreetmap.org/{z}/{x}/{y}.png</default>
                        </config>
                    </settings.mapFilterTilesUri>
                    <settings.mapFilterTilesAttribution>
                        <label>
                            LLL:EXT:openagenda/Resources/Private/Language/locallang_db.xlf:agenda.mapFilterTilesAttribution
                        </label>
                        <config>
                            <type>input</type>
                            <default>OpenStreetMap contributors</default>
                        </config>
                    </settings.mapFilterTilesAttribution>
                </el>
            </ROOT>
        </sDEF>
        <vDEF>
            <ROOT>
                <sheetTitle>
                    LLL:EXT:openagenda/Resources/Private/Language/locallang_db.xlf:sheetFilters
                </sheetTitle>
                <type>array</type>
                <el>
                    <settings.displayMapFilter>
                        <label>
                            LLL:EXT:openagenda/Resources/Private/Language/locallang_db.xlf:agenda.displayMapFilter
                        </label>
                        <config>
                            <type>check</type>
                        </config>
                    </settings.displayMapFilter>
                    <settings.displayTotalFilter>
                        <label>
                            LLL:EXT:openagenda/Resources/Private/Language/locallang_db.xlf:agenda.displayTotalFilter
                        </label>
                        <config>
                            <type>check</type>
                        </config>
                    </settings.displayTotalFilter>
                    <settings.displayActiveFilter>
                        <label>
                            LLL:EXT:openagenda/Resources/Private/Language/locallang_db.xlf:agenda.displayActiveFilter
                        </label>
                        <config>
                            <type>check</type>
                        </config>
                    </settings.displayActiveFilter>
                    <settings.displayFavoritesFilter>
                        <label>
                            LLL:EXT:openagenda/Resources/Private/Language/locallang_db.xlf:agenda.displayFavoritesFilter
                        </label>
                        <config>
                            <type>check</type>
                        </config>
                    </settings.displayFavoritesFilter>
                    <settings.displaySearchFilter>
                        <label>
                            LLL:EXT:openagenda/Resources/Private/Language/locallang_db.xlf:agenda.displaySearchFilter
                        </label>
                        <config>
                            <type>check</type>
                        </config>
                    </settings.displaySearchFilter>
                    <settings.displayCitiesFilter>
                        <label>
                            LLL:EXT:openagenda/Resources/Private/Language/locallang_db.xlf:agenda.displayCitiesFilter
                        </label>
                        <config>
                            <type>check</type>
                        </config>
                    </settings.displayCitiesFilter>
                    <settings.displayDateRangeFilter>
                        <label>
                            LLL:EXT:openagenda/Resources/Private/Language/locallang_db.xlf:agenda.displayDateRangeFilter
                        </label>
                        <config>
                            <type>check</type>
                        </config>
                    </settings.displayDateRangeFilter>
                    <settings.displayKeywordsFilter>
                        <label>
                            LLL:EXT:openagenda/Resources/Private/Language/locallang_db.xlf:agenda.displayKeywordsFilter
                        </label>
                        <config>
                            <type>check</type>
                        </config>
                    </settings.displayKeywordsFilter>
                    <settings.displayAdditionnalFieldFilter>
                        <label>
                            LLL:EXT:openagenda/Resources/Private/Language/locallang_db.xlf:agenda.displayAdditionnalFieldFilter
                        </label>
                        <config>
                            <type>check</type>
                        </config>
                    </settings.displayAdditionnalFieldFilter>
                    <settings.displayRelativeFilter>
                        <label>
                            LLL:EXT:openagenda/Resources/Private/Language/locallang_db.xlf:agenda.displayRelativeFilter
                        </label>
                        <config>
                            <type>check</type>
                        </config>
                    </settings.displayRelativeFilter>
                </el>
            </ROOT>
        </vDEF>
    </sheets>
</T3DataStructure>